car_id,target_class
P17494612l,engine_overheat
N-1530212S,electro_bug
B-1154399t,break_bug
F12725233R,gear_stick
l-1139189J,electro_bug
U75286923j,engine_overheat
T-7479831o,gear_stick
B-1369793u,gear_stick
Y-1289786X,engine_check
C29045893T,gear_stick
v-1730983R,break_bug
I20727212Q,wheel_shake
p48812438h,engine_ignition
T-2633971l,engine_ignition
V-9683916q,engine_ignition
P68488505Z,wheel_shake
W23907639f,another_bug
A22674788w,wheel_shake
y-1252277z,engine_check
u21168983D,engine_fuel
x12753662A,engine_overheat
v-7435255a,engine_fuel
E12421362P,engine_fuel
J35738918W,electro_bug
T16973122B,engine_overheat
p-5671458M,engine_overheat
I68086031c,wheel_shake
D69722395r,engine_check
X10967418c,another_bug
q-1489273f,gear_stick
C-1903701S,engine_check
r11820515d,engine_check
x12397432S,engine_fuel
Q50389908q,another_bug
B18597537S,break_bug
S-9537522o,another_bug
a10623296X,electro_bug
R28123139u,engine_fuel
h-1451730v,gear_stick
d-1257449w,engine_fuel
N11419190t,break_bug
k63904133P,another_bug
J92413639E,engine_fuel
b-3875784F,another_bug
f15183722K,wheel_shake
c-1874297z,another_bug
E16971328N,break_bug
H18110876A,another_bug
P-1301418D,engine_ignition
b-9697936F,electro_bug
H-4258275m,electro_bug
H10655858l,electro_bug
w-1481290E,engine_fuel
C40885722w,wheel_shake
f15625319Q,engine_check
B42019578p,engine_overheat
T65731704H,engine_overheat
e30424190o,wheel_shake
w-1081221i,engine_ignition
E48110445u,electro_bug
u73256394H,engine_check
m17237645h,electro_bug
q-1403429B,engine_check
E-1889080W,engine_ignition
b-1781291I,engine_fuel
P77959737c,engine_fuel
h17474551u,another_bug
d17705773B,another_bug
s-2080909j,engine_ignition
N18448941g,break_bug
P17953716g,wheel_shake
i94781425U,wheel_shake
L-2155385D,engine_check
Q21449479D,break_bug
z-1790906x,engine_check
C-4338027c,another_bug
F13621020y,electro_bug
P-1981563m,another_bug
B20284663C,another_bug
X-5672837D,wheel_shake
f-8313064a,gear_stick
S16867324D,engine_overheat
l81011564d,engine_check
T-7878324V,break_bug
X49290901c,gear_stick
N15373595s,engine_fuel
g-1912309G,break_bug
G23848056z,engine_fuel
w-3530598y,gear_stick
s-4092655x,another_bug
v60921451s,engine_fuel
A-5309696c,another_bug
a21437857o,break_bug
r-2049651S,engine_fuel
c48174687o,another_bug
n57986901A,break_bug
J43552505w,electro_bug
X69815445k,engine_ignition
Y31463755z,engine_check
C-1846243L,electro_bug
z10378875g,gear_stick
B-1843237q,electro_bug
I-8201538D,gear_stick
k-7853395L,engine_check
H-3154020d,engine_fuel
v11532085a,engine_fuel
o-1004837T,engine_overheat
E15850759P,another_bug
S11046237d,gear_stick
i19615927E,wheel_shake
h24674210l,wheel_shake
j-1003273K,another_bug
i18120580r,engine_fuel
t35781257E,engine_overheat
S-7977049s,engine_fuel
H10411834F,engine_ignition
o29701218V,electro_bug
E-1304820y,gear_stick
V56226787D,engine_fuel
I-9571675o,electro_bug
a-1832317K,break_bug
H-9271579x,engine_check
H15689477U,another_bug
J-8699353u,electro_bug
S-6497022N,gear_stick
g11521087z,engine_overheat
Q-1114187O,wheel_shake
a-1510716r,electro_bug
G12673775u,another_bug
V-1604890W,gear_stick
o-8858693p,break_bug
F84870593a,break_bug
j17532274g,another_bug
l-1283385g,gear_stick
s-2062095H,gear_stick
X13157100E,wheel_shake
h-2273764e,engine_ignition
B-2140476J,engine_ignition
p-8263041e,engine_ignition
Y-1681893d,engine_ignition
w-1017091K,wheel_shake
M-1236720D,engine_overheat
I-7194770x,electro_bug
m13987388S,break_bug
w17315089Z,gear_stick
f-1380237E,electro_bug
P10499796W,engine_fuel
l-1844181l,engine_check
g13957568L,engine_overheat
R-5598576l,engine_overheat
n59321309Q,gear_stick
R-1193631X,gear_stick
y-2178923H,electro_bug
m73284992F,wheel_shake
Z-2537370X,another_bug
t17276860j,engine_ignition
y33047270r,gear_stick
b-9079908N,another_bug
q92579907V,engine_ignition
Z94669875T,engine_ignition
M86375856k,engine_check
c23067621B,break_bug
L-1838617u,engine_ignition
s-1063517N,break_bug
x-1172003m,another_bug
Q10654514V,engine_fuel
A-3425095J,engine_overheat
F-1854480x,engine_check
C-1953190j,wheel_shake
l41267361i,engine_overheat
N90091958O,electro_bug
z20306091J,engine_fuel
F94970727I,engine_ignition
M14830267a,gear_stick
i-1101173g,wheel_shake
l-7821340d,engine_ignition
I18827052n,wheel_shake
Z14111948t,engine_overheat
T17415608q,another_bug
R-1068057n,break_bug
K-8915465U,electro_bug
f-2804472s,engine_ignition
v-1578970y,engine_overheat
Q14003835G,engine_ignition
W14646068A,another_bug
o-1593719v,engine_fuel
C-4941408C,engine_check
x-9374675c,engine_overheat
l12294446D,another_bug
p15777006h,electro_bug
w-8656872Z,engine_check
D66928361D,engine_fuel
p-3553707D,wheel_shake
M10807027o,electro_bug
g12484323a,electro_bug
Z-8212382G,another_bug
u79013135M,engine_fuel
m28011734J,engine_fuel
C-2143786U,engine_fuel
x-2141235A,break_bug
b44994738S,engine_check
J44930122W,break_bug
g32852591N,engine_check
G85830221c,engine_ignition
D10434254T,engine_overheat
R-1143403S,wheel_shake
N18887406C,wheel_shake
v14387491a,engine_ignition
a87403235S,engine_overheat
I-1075712g,another_bug
N-1087986g,another_bug
y-6871732c,engine_overheat
A96730234u,engine_ignition
a22064292L,another_bug
j-1774967Z,engine_check
T83338145S,engine_overheat
i21617445N,engine_check
p-1641833m,electro_bug
z14656246B,engine_check
G-1211626R,another_bug
X12788823V,another_bug
c-1552425b,gear_stick
w-2122585e,electro_bug
x11964154C,electro_bug
t20645918R,another_bug
z13283849d,break_bug
h11730518w,engine_fuel
G19948827y,another_bug
r43274910O,break_bug
e-9096071i,electro_bug
d-8576748Q,gear_stick
z91796444U,gear_stick
F12654866z,engine_overheat
w-1757702F,another_bug
b-1234099Q,engine_overheat
v21855739r,wheel_shake
W-5904057t,break_bug
e-9386234g,another_bug
Q42074100L,engine_ignition
g-4536331j,gear_stick
o65053979S,electro_bug
F-4400642b,gear_stick
X-2198546w,wheel_shake
c11345351C,another_bug
M-4222158J,wheel_shake
t-8913790b,break_bug
h-1723876L,engine_ignition
b11565616J,engine_fuel
s-1143093p,break_bug
F-1742867J,engine_ignition
H-1333142D,engine_overheat
h-2832462V,engine_ignition
n46152009j,break_bug
A41423630m,another_bug
w23811317g,electro_bug
v-3129503S,engine_ignition
V-2109665o,engine_fuel
i10002840y,electro_bug
A12420027c,another_bug
Q-1710310B,engine_fuel
k-5059454A,engine_check
P78941617w,engine_fuel
X84104929Z,engine_check
O-5258966R,gear_stick
W23785130R,another_bug
k64987032M,electro_bug
r-1560829H,engine_overheat
O-1114284b,engine_overheat
I-2189520Y,engine_overheat
z73740510r,wheel_shake
F-5963184s,gear_stick
F93749838u,engine_fuel
d13287541C,wheel_shake
n12600427T,engine_check
R22962581A,engine_check
m14976299n,another_bug
K25148748I,engine_fuel
F17991047v,break_bug
U10000525B,engine_fuel
L-5185142t,engine_fuel
E22476230A,engine_overheat
y-1918667p,engine_fuel
m-8421500s,another_bug
i-6826693r,electro_bug
Q-6236402F,break_bug
H13796940X,engine_overheat
b12824965u,engine_overheat
f25057132A,wheel_shake
q12615606N,engine_ignition
N-2546914l,another_bug
A-9042233M,engine_check
b28088953J,break_bug
y12090800r,gear_stick
m-3254742y,engine_overheat
T11166103f,another_bug
B-1904262o,another_bug
d-1638909M,engine_check
P20002659z,engine_fuel
O21101068n,another_bug
I-2609382N,engine_ignition
M18031243d,wheel_shake
V81901707h,break_bug
H-1873611C,gear_stick
I-4335350O,break_bug
a-6685201O,gear_stick
S68517794A,engine_ignition
a-5655175l,electro_bug
v16259071w,engine_fuel
y21090823R,wheel_shake
V16991777n,engine_ignition
E-4001328d,electro_bug
o-3515102Q,break_bug
j49593847v,break_bug
m-1140624S,gear_stick
I96780719P,engine_ignition
W16150857p,engine_overheat
p10336196A,electro_bug
F-1966393f,electro_bug
R-5073928i,engine_fuel
i-6078322g,engine_check
R-1797279a,engine_fuel
v-1632640v,engine_check
b44358202J,another_bug
v21606356V,engine_ignition
a89412563P,wheel_shake
C14874883N,engine_check
j-2557842j,engine_ignition
s-8312774q,electro_bug
Q83650998M,electro_bug
v-1742723N,engine_check
S15039720Y,engine_ignition
X-1387510G,engine_overheat
H-2809672w,engine_fuel
O16507727j,engine_fuel
I-6505525c,engine_check
E16516360g,engine_overheat
r-3744124X,engine_ignition
E-1660926L,break_bug
W41114899Y,engine_check
J-1224401g,break_bug
z-4990028V,engine_check
S17802902i,engine_check
r-5223681u,engine_fuel
y40186666v,electro_bug
X-7894537e,engine_ignition
n18141460t,engine_ignition
T-1846242d,wheel_shake
l19641602B,electro_bug
Q20350184W,engine_overheat
u19545404h,engine_ignition
i-2125059a,break_bug
u20670898G,engine_ignition
E13629887e,engine_check
j-8833751a,engine_overheat
l-1270744J,gear_stick
a-1444445A,engine_fuel
F13923646T,wheel_shake
W15387724h,engine_fuel
e10833227Z,another_bug
O18707780M,wheel_shake
s-1070927u,wheel_shake
f13961290o,engine_ignition
I-2258340t,another_bug
Y-1108881y,electro_bug
C-2407162B,wheel_shake
k-1021806U,engine_fuel
B58815481j,break_bug
Z-1497483y,another_bug
m-2038148P,engine_ignition
W20323505Z,engine_check
h18172982Y,gear_stick
C-5107111N,electro_bug
T11570167i,break_bug
E-2189846g,engine_fuel
J-9051627R,engine_overheat
k-1266231T,another_bug
e-4843883N,engine_fuel
V19603857b,engine_fuel
a10075304B,another_bug
j20806666W,engine_check
p13183205N,wheel_shake
F-1408164F,engine_fuel
f16848135A,engine_check
m18276402k,engine_overheat
O-4852964p,engine_overheat
p-1032774f,break_bug
K-2141030h,break_bug
x33340734F,engine_overheat
A-5539031E,another_bug
K-2121488X,break_bug
S-2104296W,engine_fuel
V-4730687q,break_bug
m-1018494E,engine_fuel
f12953922O,break_bug
a15606967c,engine_overheat
T-2050577H,electro_bug
l21058873t,break_bug
S54991647N,gear_stick
O-1778305H,engine_check
r-9019459m,engine_fuel
J-1701327Z,wheel_shake
W-1085488J,wheel_shake
H29930196K,break_bug
t17442755k,gear_stick
N16782443w,electro_bug
G83616598P,another_bug
q-7529997V,break_bug
m-2601611a,wheel_shake
r69432919t,gear_stick
J85546174E,engine_overheat
F-1506247r,gear_stick
Y21723655j,engine_check
Q15261602W,engine_overheat
M11261740O,engine_overheat
K50534665N,engine_fuel
Y-1015822T,engine_check
z-9596926C,another_bug
T-8671431r,break_bug
R-2077630y,engine_ignition
I96387228J,gear_stick
z-9815533M,engine_check
I15837837J,engine_overheat
P56763603O,gear_stick
h-1396839K,gear_stick
r-1477676H,break_bug
U42030492Z,break_bug
h64108495H,electro_bug
l-8882948y,wheel_shake
n-8099641m,wheel_shake
f-1164209J,engine_ignition
g-2072833K,electro_bug
R10631147V,electro_bug
d-1627526q,another_bug
k-2116384m,engine_check
y12532736D,engine_fuel
S18268647a,wheel_shake
D-1193769d,gear_stick
z49508882q,wheel_shake
l13511253d,break_bug
y11003726G,electro_bug
S55044905B,another_bug
q-1419523q,another_bug
i12167734p,another_bug
n18966581A,engine_fuel
s-2225812u,engine_ignition
g99706283N,break_bug
k-8065294L,electro_bug
D-3731198o,engine_check
R-1511509a,wheel_shake
W-1152410B,electro_bug
A-6746020J,engine_check
i62564137B,wheel_shake
V81342356X,engine_fuel
m70884293y,engine_ignition
T-1440241N,electro_bug
J16760665u,electro_bug
B30016393c,wheel_shake
n10206436k,engine_fuel
y15691728a,electro_bug
j-1923026R,electro_bug
p-2070685P,engine_overheat
e22835001P,gear_stick
f-2044867Y,break_bug
Q-1914888q,engine_fuel
h-2696405T,engine_ignition
G-1153171e,engine_fuel
n-1502387M,engine_check
y40441306G,electro_bug
B22246797F,another_bug
s14991094w,engine_fuel
a-1190397Y,electro_bug
i11542071C,engine_check
l-2588047U,engine_fuel
Q16201384v,engine_fuel
w-7781882Z,break_bug
s77766899D,engine_overheat
z-1503313M,gear_stick
l52568818B,engine_fuel
v-1508530W,engine_overheat
m13083528W,electro_bug
z-1243195L,electro_bug
b18857695O,engine_overheat
v-1905656K,engine_ignition
P-6659279q,another_bug
h13431746I,engine_overheat
I71388786G,electro_bug
R-1701492N,engine_check
y78999678J,engine_check
a-1426275y,engine_overheat
L84463953R,gear_stick
Z-2128621C,wheel_shake
M18466047W,engine_ignition
g21645452f,engine_ignition
o-1663812b,break_bug
Q-1984603t,engine_fuel
q23501901h,engine_ignition
d-5544396q,break_bug
s-7084701f,engine_overheat
g10084745U,gear_stick
D-9891385q,engine_check
D11776354f,engine_fuel
B18579200J,wheel_shake
X73810314E,electro_bug
s-2223156w,engine_ignition
D82568273x,gear_stick
k-1107234s,engine_fuel
T-1805505r,another_bug
u-5015974t,engine_ignition
t-8201245H,break_bug
X24084222O,gear_stick
K-1916013Q,electro_bug
J10576054I,engine_overheat
g21476323Y,engine_check
J22595982W,electro_bug
d15745111A,engine_overheat
V20296571Z,electro_bug
t78589983m,gear_stick
R-6055154h,electro_bug
o-5397363T,engine_check
y-1784222v,gear_stick
S-1513382W,engine_ignition
g-5563252F,engine_overheat
a-1166334r,engine_ignition
Y21096922W,wheel_shake
s10535398K,wheel_shake
Z-5188222t,engine_fuel
T22900577z,engine_ignition
i10344980A,another_bug
X-2263190K,break_bug
a-2111343W,gear_stick
k-1183222H,break_bug
x42906942Y,break_bug
m16863308b,engine_overheat
Z10247738u,engine_fuel
i12798082E,gear_stick
C91514695x,engine_check
h61870657i,engine_check
C-8768079q,gear_stick
O-7894514e,engine_check
Z-1926882U,electro_bug
N-3121550V,engine_check
z-1254537O,electro_bug
u-1514787e,gear_stick
n-4360079R,engine_overheat
O-2113046Z,engine_overheat
d13819532H,gear_stick
d54261887d,gear_stick
P-2048739B,wheel_shake
f-1825133R,electro_bug
q-9928373B,electro_bug
S29542128Q,another_bug
J-1782910O,engine_fuel
t17410389g,another_bug
Z17995139Z,engine_check
Z11671085y,engine_ignition
D-7723622B,engine_ignition
N-1539010p,engine_ignition
u54154743P,engine_ignition
j16845365O,engine_ignition
k-1171716I,gear_stick
G81601770L,electro_bug
K-3529763Q,electro_bug
b-1404013d,wheel_shake
O-1398534Y,electro_bug
l69679835h,engine_fuel
G14568186a,engine_check
a-9442555A,engine_fuel
G-1689492g,gear_stick
W12690163c,wheel_shake
l17843143j,gear_stick
Z76981204Y,electro_bug
b16524531u,engine_overheat
P83526152o,engine_fuel
z-4612131R,gear_stick
s50463458T,gear_stick
u12928592s,wheel_shake
U-1897169L,another_bug
j-1549044A,engine_check
Q87875664U,another_bug
q13885185m,electro_bug
C16715520C,electro_bug
T-1727751h,engine_check
m27082215N,electro_bug
e-8788520s,gear_stick
v36899226P,engine_fuel
Y-2254716H,engine_ignition
D-3425990U,electro_bug
b-1050475p,engine_check
w-1941558Q,another_bug
d-1134540I,engine_ignition
K30520180u,electro_bug
q71640430n,electro_bug
y10948537e,gear_stick
a16152476X,electro_bug
F-7462902B,engine_ignition
t-3967937s,engine_overheat
o-1118236T,break_bug
g-1760425A,electro_bug
b-5227653R,engine_check
h-7408890w,gear_stick
K70391511e,electro_bug
V13438854p,break_bug
g-1740147b,gear_stick
J-1324072f,engine_check
g53382924v,electro_bug
x33005281c,electro_bug
e24148786o,engine_overheat
I-1503695V,engine_ignition
E58388206y,engine_check
y13484815Y,another_bug
R-2027359R,wheel_shake
Z17729553x,engine_fuel
H-1512213s,break_bug
V-1552956h,electro_bug
H15345413o,gear_stick
w17370680J,break_bug
J15476551r,engine_check
c-2250495g,electro_bug
Z17599412A,engine_fuel
v57643253w,engine_fuel
V-5494479D,engine_check
g-1126074r,gear_stick
Z80579540o,engine_fuel
c-7272329q,gear_stick
z21450941n,electro_bug
k-2034944s,engine_fuel
B-1760099A,engine_overheat
a61936474Y,break_bug
k86159975d,break_bug
A10692422a,break_bug
r11362699a,electro_bug
B-5479705C,another_bug
I98930031r,break_bug
Z-1084098i,break_bug
b55045663j,wheel_shake
h10096493s,gear_stick
n13675758u,engine_check
v-1469151Y,gear_stick
R21100020a,electro_bug
H-1226800z,gear_stick
l13980749p,engine_check
D-1518430R,another_bug
h13825532e,engine_check
Q18803510e,electro_bug
w69467024a,break_bug
a16149566K,engine_ignition
R10923215L,break_bug
H15481815Q,electro_bug
C-5040526N,engine_fuel
m-2182440Q,gear_stick
P-4006382C,wheel_shake
Y-2235574M,engine_check
H-1070903M,electro_bug
w16163650F,engine_check
I21674635Q,gear_stick
Q-4587219M,wheel_shake
N10540578u,electro_bug
w-9916167W,engine_overheat
g-1742741c,gear_stick
n-1575803E,engine_check
N31059484x,another_bug
H-1342764P,electro_bug
X58767632q,electro_bug
S20355997J,engine_ignition
q30806358i,engine_check
W-1775855Q,engine_check
j92079780S,wheel_shake
f63189062N,gear_stick
x-1205366S,engine_fuel
H-1902314v,break_bug
f10226409O,break_bug
Q-4235244W,break_bug
P-1715787u,electro_bug
x-1532496K,electro_bug
s-1076835x,break_bug
m76785981z,engine_ignition
u-3215458S,engine_fuel
H-1919071i,another_bug
p-1139197T,gear_stick
R95310344Y,engine_ignition
e22646530u,another_bug
o49311084b,electro_bug
x99598782E,electro_bug
Q-8465743r,engine_overheat
K13600113i,gear_stick
x55379265k,break_bug
F-1518753o,engine_ignition
e-2020384H,engine_fuel
n-4605215n,electro_bug
q-4584627S,another_bug
O78712164p,gear_stick
j-1598707G,engine_check
d-1282472g,another_bug
h-2287342p,break_bug
s-7266626x,engine_fuel
z-2843006O,wheel_shake
m21557315K,electro_bug
j18870600U,engine_ignition
H-7836096t,gear_stick
k19151173f,engine_fuel
g-1280182Z,engine_overheat
d-6211776r,gear_stick
u-1590555V,engine_overheat
c-1204255L,electro_bug
f-8810014g,break_bug
S11009197l,break_bug
g-2087791I,engine_fuel
V12754137r,engine_ignition
T-1769393Z,electro_bug
I-1117298r,another_bug
P90790412Q,break_bug
c-7401486X,gear_stick
A21009715v,engine_fuel
P94512494l,gear_stick
J58385372M,engine_check
z11059333N,engine_ignition
r13675823Y,engine_fuel
O23192334Z,gear_stick
h72663703o,another_bug
u39852752H,engine_check
y75359172F,another_bug
C63413357V,engine_overheat
H-2218041i,engine_check
S12392431C,another_bug
c10273234z,another_bug
J-1675931Y,break_bug
r15326588O,electro_bug
O22786315O,engine_check
M14034762V,gear_stick
d-8796835F,another_bug
L-1687146I,break_bug
a16452738i,electro_bug
e-1589877h,break_bug
w-2228220D,engine_check
v73920097R,gear_stick
B10305712m,engine_fuel
w17382345v,engine_ignition
h86663077a,break_bug
d-1261412O,gear_stick
N-3542587r,engine_ignition
q-1127410X,engine_check
m-1248909g,gear_stick
Z-1350437Z,break_bug
G-7472388v,wheel_shake
K18306053r,engine_fuel
t-1389922J,engine_overheat
w13418612e,engine_fuel
d11818528X,gear_stick
v-4393931r,break_bug
a15124892o,engine_overheat
l36861534V,engine_check
P21146775A,engine_fuel
B-8559176x,engine_check
s-1233979x,engine_ignition
N50018445X,gear_stick
E-4220998I,engine_ignition
D28621238x,engine_check
r35592741h,electro_bug
S-2179649Y,engine_overheat
H-1135423y,engine_check
J97849965O,wheel_shake
W21048865S,wheel_shake
P10539613v,engine_ignition
r-6268123s,engine_fuel
A19893808P,gear_stick
c12458019K,engine_fuel
r16624906R,another_bug
s-1701601T,engine_overheat
l-2073691v,engine_check
s-1227750Q,gear_stick
n-1588210t,another_bug
L-1950271Y,another_bug
L45819441T,engine_fuel
X-1102199i,engine_ignition
Y42307620l,engine_overheat
c11493622d,electro_bug
s74743326E,break_bug
v92032706J,wheel_shake
l40017744S,engine_check
F-1561156R,wheel_shake
F-3458483b,engine_ignition
Q-1573004E,engine_ignition
I18762244f,engine_fuel
x61993910W,engine_overheat
f70384121H,another_bug
b34607341j,engine_check
s-1544537d,engine_fuel
T-2651777L,electro_bug
Z-1690934p,engine_ignition
z-1383208d,engine_fuel
F-2091675H,wheel_shake
p-1026598C,another_bug
C-5229733d,gear_stick
t-5863497D,gear_stick
F14893199L,gear_stick
E-9761828K,engine_fuel
r-3626163O,engine_fuel
D-1975819d,engine_overheat
n86645963R,engine_ignition
I-6482386t,break_bug
z11959313t,engine_check
d19312186N,engine_check
C11156821F,engine_overheat
z19283639B,engine_check
D-1246382Y,break_bug
D14445025c,break_bug
j25666218Y,engine_ignition
E13352088w,gear_stick
v44596260Q,engine_fuel
c13976633o,engine_overheat
z16908407t,gear_stick
P15083043i,engine_ignition
p-7727399o,engine_overheat
W-8604738y,engine_fuel
J22352968u,engine_overheat
G-7187279a,engine_overheat
G-1183057B,engine_overheat
E-1556800P,gear_stick
N16753727A,engine_overheat
U-1860241R,engine_fuel
f92515288W,wheel_shake
q-1553054h,engine_overheat
d-1766392g,wheel_shake
z-9268730t,engine_ignition
D-1137759f,electro_bug
Z22301798u,engine_ignition
d-2160500k,gear_stick
f80644426f,wheel_shake
u-1069219e,another_bug
V70870192k,another_bug
M15122410M,engine_overheat
F19935095V,engine_overheat
m92437987f,wheel_shake
o-1720442f,engine_ignition
Q-2043032T,engine_fuel
k15728070F,gear_stick
i-4298300y,engine_ignition
C-1549576C,engine_ignition
w-8322851c,engine_check
H-2195683Y,wheel_shake
b20675115I,engine_overheat
w14143210k,electro_bug
s17437438h,gear_stick
Q12901548n,engine_overheat
I23394317X,break_bug
S10630331i,engine_fuel
N15239751A,another_bug
t11482362Y,gear_stick
c-1160907G,electro_bug
t17520024W,engine_overheat
G16918724z,engine_fuel
T-5518367u,electro_bug
K-2047259i,gear_stick
e-2894582l,gear_stick
u-6774973B,gear_stick
U-1642617V,engine_check
Z19453799u,electro_bug
V80070476Q,engine_ignition
L-1777501Y,electro_bug
M-3275863u,engine_ignition
D-1131723O,engine_overheat
s12292138c,break_bug
d-2073713s,wheel_shake
U-1440005A,break_bug
D17587481H,engine_ignition
O-2089662s,engine_fuel
l-1247871G,another_bug
Q48397067x,engine_fuel
G18135304s,engine_ignition
s52741082h,engine_overheat
R37055375H,engine_check
t-1505206e,another_bug
m-7073285w,break_bug
e-1963742G,gear_stick
R41701461o,gear_stick
P-1572930P,another_bug
m19821763X,engine_overheat
D-5247175p,engine_check
I-4491426o,break_bug
c-5796367L,another_bug
D68676642F,electro_bug
B87840170Y,engine_fuel
E-1074824O,gear_stick
L-2105285X,wheel_shake
A18722372t,engine_overheat
t-1655791x,engine_fuel
R26898137t,engine_check
x73165245L,another_bug
H10144433Z,engine_ignition
o-9460824A,gear_stick
h-4056890V,electro_bug
S71464104w,another_bug
Q-3414660J,break_bug
D24219627Y,another_bug
g-5564720R,break_bug
g-5327257o,break_bug
z16965935R,engine_fuel
W-5886969z,engine_check
Y61608416T,wheel_shake
H-5193657t,wheel_shake
r14798824O,engine_overheat
q-1329704C,engine_check
W-1162613s,wheel_shake
q-1451412w,engine_check
s10825773A,engine_fuel
W-1322764B,electro_bug
C-1335407d,engine_fuel
Q-1854633d,wheel_shake
j12033464t,gear_stick
x-1653730E,wheel_shake
L-1459492G,wheel_shake
A18622071d,engine_overheat
G12921056E,break_bug
M17587699m,gear_stick
H11201074S,electro_bug
g61901962A,another_bug
W-3006427Z,engine_ignition
f21354327c,engine_fuel
L-1435343R,break_bug
K-9089430v,engine_ignition
u89834900L,another_bug
K-6843993d,gear_stick
g19283665q,break_bug
V21055732W,electro_bug
L20847256I,engine_ignition
K20941520F,engine_fuel
s-1506268E,break_bug
s13306845G,another_bug
t14118502r,electro_bug
l-1141377S,gear_stick
M63300651V,engine_fuel
O-1741687v,engine_overheat
J-1064181u,wheel_shake
R-2596313V,break_bug
i-1845254S,wheel_shake
k-1573458g,engine_check
Q-7165920T,wheel_shake
K-7253573V,wheel_shake
u-2045579o,engine_ignition
o-7174642t,engine_ignition
W38257448E,engine_ignition
R15758843A,engine_ignition
j-1164533d,engine_ignition
K19878738u,engine_ignition
F-1356357a,engine_ignition
s18773736B,gear_stick
f-2195380L,gear_stick
I16894729d,engine_overheat
x73377373J,engine_overheat
A13983367R,engine_overheat
W90386436H,electro_bug
d-1208731e,break_bug
E10689597V,engine_ignition
e18535481H,another_bug
C-1401160X,engine_overheat
D-8642892Q,engine_ignition
y-9607515v,another_bug
R39433396K,electro_bug
o14616394R,engine_ignition
r21184266q,engine_ignition
f21015538f,engine_fuel
j18832518Q,gear_stick
m73046504n,another_bug
B-9791729R,engine_check
k13021113b,engine_overheat
G89078774t,engine_check
r-1060256J,wheel_shake
F-1410401k,engine_ignition
S12437589H,engine_ignition
o-1474795Y,engine_overheat
v-6600194g,gear_stick
e69316734g,engine_overheat
F14045081A,gear_stick
p-2049920L,wheel_shake
Z-4995244V,wheel_shake
Q28342682U,engine_fuel
i20932780E,engine_ignition
T-3474422m,gear_stick
A-2251370Z,engine_overheat
a13118905A,engine_fuel
o-5518912i,wheel_shake
r13112137S,engine_ignition
L-1172603K,engine_fuel
F15323913w,engine_fuel
b41466140L,gear_stick
H-1126826u,engine_check
S80787227y,gear_stick
g62902770K,another_bug
c21339742C,gear_stick
o-8291576Q,another_bug
A16177147F,gear_stick
V-7911017W,engine_check
I12484436u,engine_fuel
u-2985309w,engine_ignition
i-7675958l,engine_overheat
Z-2003336X,break_bug
R17548053Q,engine_check
T-3625019V,engine_check
G58798171H,electro_bug
X14239142s,engine_ignition
W-1663352r,electro_bug
R10053414j,electro_bug
E11344405c,break_bug
E41968356d,engine_overheat
n-1774226C,engine_check
v50135109z,gear_stick
v-2502243y,electro_bug
k81607148Q,wheel_shake
y-1159389K,engine_overheat
Z-9551096Z,break_bug
z73398830W,break_bug
S-2180379V,electro_bug
Y19585916c,engine_fuel
F-1772949E,engine_check
N-4056140F,break_bug
M20457206h,engine_ignition
f-2054559Z,gear_stick
C-1947908i,electro_bug
Z-1004053E,gear_stick
E16706596Y,wheel_shake
L-1236498L,gear_stick
M21428480q,another_bug
g34212838O,another_bug
i77678921h,engine_overheat
s-1993335Q,engine_overheat
w-1217800P,engine_check
m-4445026W,gear_stick
w-1020644b,another_bug
r-1878207s,engine_overheat
S-2803516o,wheel_shake
g31689700a,another_bug
L-3828198a,another_bug
p-2023967W,engine_fuel
R93384932a,electro_bug
o27482006r,another_bug
o69465373z,wheel_shake
x-2214584G,break_bug
F16677411t,engine_overheat
B-8278342d,another_bug
w14795716n,engine_fuel
q21418139n,engine_fuel
k58875945X,engine_fuel
E10178721V,another_bug
y54427123h,wheel_shake
N-1116467g,engine_fuel
L-1098436W,break_bug
K15170901N,engine_check
y-1741356P,engine_overheat
z-4349749h,electro_bug
y-6566782r,wheel_shake
T-1729770o,engine_overheat
V-8483576f,break_bug
a39440404D,electro_bug
i51467047f,engine_ignition
H-1369852D,another_bug
M-9668613M,electro_bug
q-1575533Y,engine_check
F-2122411I,break_bug
c-2121060b,electro_bug
H22186863I,engine_check
d68073068W,engine_ignition
D-7066589I,engine_fuel
o11670334e,another_bug
G-1501141U,engine_fuel
x-6577654c,gear_stick
i22784686n,break_bug
Q36627447o,engine_ignition
a-2079734V,engine_ignition
P17112537M,engine_ignition
I-2947258i,engine_fuel
d-7058280z,another_bug
V-6734711I,electro_bug
x16070571D,electro_bug
A99628604w,break_bug
c-3559292Z,gear_stick
D-1642232Y,electro_bug
H-2177827U,another_bug
t43860654e,engine_check
O-2567044a,electro_bug
y-1456481W,engine_ignition
F-1311521c,gear_stick
W-1338521Q,gear_stick
S21521405j,engine_check
j-9167677u,engine_check
E22045798o,engine_overheat
i15589390k,gear_stick
l15227760Q,engine_check
h-6100646F,engine_check
L-2071083z,engine_fuel
Q-1583701a,gear_stick
J-1966936j,another_bug
p97277001v,engine_ignition
A-1959167m,electro_bug
b-1232634R,electro_bug
C14499779J,break_bug
A-1900042l,gear_stick
D47614465T,gear_stick
i55328849i,another_bug
L14501903b,engine_overheat
U61603538T,electro_bug
Z-2000448T,gear_stick
V21733186R,another_bug
x38176093d,electro_bug
S-1872523D,wheel_shake
U-9105241l,engine_check
d-1067020V,engine_check
T13652201h,break_bug
v83124010d,engine_check
c-5320374q,engine_ignition
P-5877829p,gear_stick
K-4097683X,electro_bug
X73607704q,engine_fuel
d-1645612W,engine_ignition
M-1949772G,engine_ignition
d-9809366C,engine_check
v-9133799l,another_bug
j16496771g,engine_check
p98074932P,another_bug
G-1685085q,gear_stick
L-1156474z,break_bug
n-7286817N,break_bug
G17139758L,break_bug
M-4377864u,engine_overheat
u10884582m,gear_stick
c-1819930r,engine_ignition
I-1016418u,engine_overheat
f-8509753a,engine_fuel
f10270915c,gear_stick
I50788104J,electro_bug
m-1618295c,engine_check
Q11656086H,gear_stick
b17685766M,engine_fuel
n19528133d,engine_fuel
I-2222955D,another_bug
U14909638n,engine_check
P19518709T,break_bug
V-1888434u,engine_ignition
R53321573r,electro_bug
U12552466o,engine_ignition
m21172670I,gear_stick
d71004474f,engine_fuel
n-6003131B,break_bug
w45505269O,gear_stick
v22456431E,engine_fuel
D20302252H,break_bug
E-1789284H,engine_overheat
F21755120L,gear_stick
y-2096513h,break_bug
X38064587K,another_bug
j36860430F,engine_check
M-1188559U,electro_bug
M-1057522s,another_bug
r-1767573M,break_bug
N-2165696F,break_bug
l-9002229j,engine_check
Q13796033u,engine_ignition
E20487110v,engine_overheat
U54007251T,engine_ignition
k-1001578G,engine_fuel
m-1316228Q,wheel_shake
x38424933t,engine_check
z42577454j,another_bug
h15726678G,engine_ignition
J-2100035F,wheel_shake
u12997600r,wheel_shake
G-1444514J,wheel_shake
r80685540h,engine_check
i-2886682y,wheel_shake
U12958604d,break_bug
Q-2285147y,break_bug
d-5980296U,engine_fuel
r-5694899j,engine_check
y-3995748C,electro_bug
H-1417790G,engine_ignition
h66072023A,engine_check
m-8844106y,gear_stick
V-3922506p,another_bug
P-7215920v,wheel_shake
v-1334609Q,another_bug
y-2901647k,gear_stick
P41449662O,engine_fuel
N17048798L,engine_check
o-3239309x,another_bug
f-4517248O,another_bug
i20236215k,another_bug
c-1909821W,engine_check
S-1058341S,engine_ignition
Q27397166k,wheel_shake
m-2234361C,another_bug
y-1310937L,wheel_shake
h11115340f,break_bug
C-2095125S,engine_overheat
H-1012725h,engine_fuel
A-5953942h,gear_stick
b-5677746H,electro_bug
b-2174248s,gear_stick
J-1468143m,engine_ignition
d-1590616X,break_bug
A-2010794j,break_bug
S10025512H,engine_overheat
F62717656N,another_bug
Q-9015964Z,engine_check
e60616052a,gear_stick
O-1094429s,gear_stick
G-3730407g,another_bug
W17258092O,engine_check
Z-8046890f,gear_stick
C-1531638p,another_bug
b16129006F,another_bug
O20309077v,break_bug
G-1150322W,another_bug
v-1523714V,wheel_shake
m41491349u,break_bug
N-2592617I,engine_overheat
b15147844G,engine_ignition
J-1119809Z,break_bug
x13343580w,wheel_shake
R88463379h,engine_ignition
w-5790710u,engine_check
w20420004F,electro_bug
J-9110297t,engine_fuel
E15110775p,engine_check
j-8044553g,electro_bug
F16044963S,break_bug
R91630921n,wheel_shake
A-3836077o,break_bug
s-2202835E,engine_ignition
O-2222377Z,wheel_shake
s22484554J,electro_bug
D88984934M,engine_check
X19668940Y,electro_bug
D-1808806N,wheel_shake
j18586699W,engine_overheat
H69080088J,gear_stick
n12252517h,break_bug
i-1711813H,another_bug
S10721675C,engine_ignition
X-2170601O,electro_bug
i97387429H,engine_overheat
d22008645E,engine_ignition
n-3455333h,engine_fuel
B23739608U,break_bug
F-4198459W,engine_ignition
B-4284440k,engine_ignition
G-6904316x,wheel_shake
N-1095600Q,electro_bug
D-1029823M,engine_check
d88026009F,engine_fuel
P-1279354K,engine_ignition
S-2221955m,engine_ignition
U-2195930Q,engine_fuel
L-1748371J,electro_bug
C-1092574s,engine_check
x78336615j,engine_check
d22823530e,engine_overheat
f-5599112Q,another_bug
w12601279c,break_bug
O12999011Q,electro_bug
D39654489v,wheel_shake
G-1119002U,electro_bug
x-1331259n,engine_check
x-1366202T,engine_overheat
e22337672e,engine_check
h11974580h,engine_overheat
b-1924728p,gear_stick
t-8150753L,engine_fuel
i16707497b,engine_overheat
d40778348c,wheel_shake
x-6745292f,break_bug
Q-1197469B,break_bug
y19339480p,wheel_shake
E-1574398v,engine_fuel
F-1541843G,engine_overheat
J-1898029b,engine_fuel
i-2267354V,engine_ignition
z-1706928C,another_bug
h16480906Q,break_bug
b20875811r,engine_check
g57509660G,engine_check
i10233407e,engine_fuel
b-1633141B,engine_ignition
r44343477P,another_bug
X10140728m,engine_overheat
u60678999S,engine_fuel
X66836862t,engine_ignition
r-2626717n,engine_overheat
l25990633r,engine_overheat
o16159959N,another_bug
P-8366433v,engine_ignition
D-1742188V,break_bug
q15163647k,gear_stick
m-1582917S,electro_bug
u15259964F,engine_check
M-1332669r,break_bug
F-2033009p,wheel_shake
w15256527O,engine_overheat
v-2214221g,engine_check
u-8176531i,engine_fuel
B44546931a,gear_stick
C-3329059P,engine_fuel
z48466812V,engine_overheat
N91717170a,engine_check
h10197943p,break_bug
f-1804114y,break_bug
y65839268d,another_bug
s20690018N,wheel_shake
Z16406378j,engine_check
r-6401544e,electro_bug
A74571031O,break_bug
I-1022513U,engine_overheat
M-1528828l,engine_fuel
w-5395626f,engine_ignition
U15424894F,wheel_shake
X-1521550g,engine_fuel
b-1756095Y,engine_check
S-4942615g,engine_ignition
a-1170299l,wheel_shake
W20898223q,engine_check
u13780325P,break_bug
q35175771e,engine_overheat
K81291347a,engine_check
G15557106t,another_bug
y21647488o,engine_fuel
O-2154805o,engine_check
D11355691L,another_bug
t60412618s,gear_stick
M15952724y,engine_ignition
k24372320c,engine_check
J16859061o,gear_stick
M11049568F,electro_bug
z11525648X,engine_overheat
u41400760y,another_bug
V48666541E,engine_overheat
t-1305628R,engine_ignition
F20989471t,break_bug
G19704655v,engine_ignition
h-1084715m,another_bug
X13848460A,engine_ignition
H49107775b,break_bug
V-2127600s,engine_fuel
M-2221760V,wheel_shake
w-2040826k,wheel_shake
Z15550264W,another_bug
b-8727186X,another_bug
g10838650B,gear_stick
d19534101p,another_bug
j-8523085j,gear_stick
Y-2259833v,another_bug
y40076926G,engine_fuel
m21197630U,another_bug
J-9282883I,another_bug
y-1593526o,engine_ignition
R18548797W,another_bug
M78454309n,electro_bug
H-1952766q,gear_stick
O-7318695N,engine_fuel
Z-1382353b,engine_fuel
y33995729F,another_bug
A-1931285c,electro_bug
b-4023465w,another_bug
y28247093F,another_bug
b-2099867z,gear_stick
N13810671e,engine_ignition
M-1208274P,engine_overheat
E94491875l,engine_fuel
p14296940a,electro_bug
e-5032325d,break_bug
f-2278644T,engine_fuel
N-1449511Y,engine_check
R72473068v,engine_ignition
K15727484r,engine_ignition
x-1530392k,engine_overheat
m14032324U,engine_fuel
o-3502321X,gear_stick
M-9369867A,engine_ignition
e-1176726O,engine_fuel
F-8971471f,break_bug
w16001206y,gear_stick
T24942626H,engine_fuel
Z-9250568A,wheel_shake
R20946794F,another_bug
y-3708778R,engine_check
d-7461024X,engine_check
r-1304067j,gear_stick
M-1727464u,break_bug
X12353297J,break_bug
t19399198h,another_bug
a-2221133L,engine_fuel
n15134422D,another_bug
e-1041702t,another_bug
Q-1108615n,engine_check
r67742622z,engine_overheat
Y77630283F,engine_check
I-8740476B,engine_check
f12831819d,engine_fuel
y-2117938S,electro_bug
X13552128w,engine_ignition
m89915934c,electro_bug
u12923191V,electro_bug
g64040787A,electro_bug
B53432209f,wheel_shake
Q18090458O,engine_overheat
v11087640F,another_bug
s-1018199L,engine_check
T15119744o,engine_fuel
E-2442116D,wheel_shake
l93168360C,engine_check
Q52925581k,engine_overheat
k11571129f,engine_fuel
K18787489X,engine_overheat
i17417440r,gear_stick
H-9338402M,engine_ignition
e18576123A,another_bug
L93331905w,engine_ignition
G18790404J,gear_stick
H19063606t,engine_overheat
A82111385d,electro_bug
l96257336G,engine_fuel
c31569057o,engine_fuel
O-2283230Y,gear_stick
B-6097000E,electro_bug
s-8423183t,another_bug
p16672632d,electro_bug
J11698270E,engine_ignition
G22172959I,break_bug
I21909345v,electro_bug
m13540768n,engine_overheat
N-2047707A,engine_ignition
q15473703P,break_bug
b28091206k,break_bug
d-2060227V,engine_check
D23788223O,engine_overheat
k-1947529W,engine_check
b-9715554C,engine_fuel
q-5271670J,engine_ignition
u12970971g,engine_overheat
n-6059768d,engine_check
L22185348p,engine_overheat
O13331241u,engine_check
L16141312N,break_bug
W38697890A,break_bug
u-2120761B,engine_check
c66464279D,another_bug
e13156563s,engine_fuel
T42238184L,engine_fuel
D-1336442P,electro_bug
E-5337479S,engine_overheat
X95516419Q,electro_bug
H-2355000g,break_bug
s-5301854b,another_bug
u-2940182P,wheel_shake
G-9079594w,engine_fuel
Z20606311h,engine_ignition
t-6922750L,engine_fuel
Q21391218q,break_bug
u12977186v,engine_fuel
h13802624r,engine_ignition
I-1538597J,engine_fuel
X11025811v,break_bug
S-2294339s,another_bug
g13118176m,engine_ignition
S21991071M,another_bug
L10129399Y,engine_overheat
Z13161380J,gear_stick
J-6052671x,engine_overheat
e11908473n,engine_overheat
U-1131662Q,wheel_shake
h54754410l,break_bug
w68053735H,engine_check
A31292617m,another_bug
V45384349q,engine_overheat
k-1087627k,electro_bug
Q-1888317Y,engine_overheat
Q-1456372K,electro_bug
S19572879o,electro_bug
j13287780b,break_bug
X-1427883w,engine_fuel
t12980699M,electro_bug
K-9081250O,electro_bug
N96928373A,engine_check
r19349335d,another_bug
D22898421E,gear_stick
A-7650056Z,break_bug
B-1572757V,electro_bug
D11212854M,electro_bug
H62136397R,engine_ignition
n16749457W,electro_bug
c-1411220k,break_bug
g-8950344h,engine_check
g28465883Y,break_bug
O-3470382z,wheel_shake
C-7657933N,engine_fuel
n-7904705X,gear_stick
E-2002668A,engine_check
E15401424s,engine_check
Q-1558145Z,another_bug
j-1474542d,engine_ignition
J51767292L,engine_overheat
M-1609284U,gear_stick
O32025767k,engine_check
G-4998152Q,break_bug
d-8684879I,engine_ignition
c11762411c,gear_stick
T61957630q,engine_overheat
e-1246632H,electro_bug
a96529450S,engine_fuel
m-1300432a,break_bug
H-1232380o,engine_overheat
U18643336W,engine_fuel
E42133174Y,engine_overheat
N-2173692X,engine_check
O15299283X,wheel_shake
Y11513708Q,engine_check
I14426935X,break_bug
L-1576450f,gear_stick
L-2066997I,engine_ignition
g20198311v,engine_check
K-1750463c,gear_stick
A48818516t,electro_bug
b12102660G,another_bug
C-1721101w,another_bug
L21617225g,engine_ignition
y18690561q,electro_bug
Z-2044688T,engine_ignition
w-3300489y,engine_overheat
o43682483i,engine_overheat
p-2177230P,engine_check
d53962651M,engine_check
h-1079130a,engine_ignition
d-1063018h,engine_ignition
e12616376T,another_bug
g-1997866b,engine_fuel
p22351271i,engine_overheat
s18801959g,engine_check
W-1146682H,engine_ignition
Y21010106g,electro_bug
N-1493098E,engine_overheat
a16757494v,wheel_shake
L31333870v,engine_fuel
O-1116026m,break_bug
a-1327017v,another_bug
J32481265i,break_bug
u-7465003y,engine_ignition
C-8282660x,another_bug
z-1194508g,gear_stick
M17131119X,engine_fuel
A16430015I,engine_fuel
T21560454W,engine_overheat
d-5044364D,electro_bug
A-4567027H,gear_stick
l14731037p,wheel_shake
j21216284z,electro_bug
w18663416B,engine_ignition
N-1067764s,engine_check
a96316507d,engine_overheat
Q-2863519f,engine_overheat
R-4412745F,another_bug
w-2100178z,engine_fuel
N12140841u,engine_check
v-2217035r,engine_ignition
j22675199u,break_bug
Y-2060323c,engine_fuel
H-9946877t,engine_overheat
V24408620j,engine_check
D20994817l,break_bug
d-5916656a,engine_check
r-1888435Q,engine_ignition
s-8011046y,engine_check
l-8338225N,engine_fuel
N17651234L,another_bug
t-1660621F,electro_bug
A-4300243z,gear_stick
Q-1531120K,another_bug
b14483061v,electro_bug
p13496102g,engine_fuel
f-3084055k,engine_ignition
b-7106735g,engine_fuel
B-5818398M,engine_ignition
k-6134216L,engine_ignition
q-8983496T,gear_stick
c21152319h,electro_bug
u22537189s,engine_fuel
S42898575W,electro_bug
u-2592615u,engine_ignition
U15973213W,gear_stick
a-1555492o,break_bug
T17948597q,engine_check
K-1596430s,engine_check
t70806905i,engine_check
Q-8927952V,engine_fuel
b-1699417D,gear_stick
l-1528999M,electro_bug
i-1075099j,engine_ignition
g-1203735u,engine_ignition
N68342352J,engine_check
t19684834s,another_bug
P28960538x,gear_stick
k70721764Z,engine_check
P35164993z,another_bug
v-1084231t,engine_fuel
P62164543W,break_bug
V-1603027E,another_bug
r-3939023a,wheel_shake
D-1008484E,electro_bug
Q-2192864t,electro_bug
m97152459x,engine_overheat
n79502261g,another_bug
I-1934004o,engine_fuel
w-8712305w,another_bug
t19569988O,engine_check
w-6743502g,engine_check
e17224457A,electro_bug
N25093826z,engine_ignition
k53344668C,gear_stick
c18837598f,gear_stick
o55235221X,electro_bug
x83440968Q,engine_overheat
a-2129214S,engine_fuel
O16337155M,engine_check
o-1780770o,engine_fuel
O-1008421H,engine_check
a33313854t,gear_stick
M45840955U,wheel_shake
q22701640I,engine_ignition
J-2186173q,engine_ignition
T-9875021z,another_bug
B16049866X,engine_fuel
i19613288g,engine_check
P52156891U,engine_overheat
q-1768505B,engine_check
D-1867285e,engine_fuel
l-2092770w,engine_fuel
Z15287780R,engine_check
O18471034K,engine_ignition
p20324322c,engine_overheat
p-8776685b,engine_check
A12568692Y,wheel_shake
G62487539y,gear_stick
y-7520188c,engine_check
U-3855489z,engine_fuel
j47796305l,break_bug
S-6466908z,engine_overheat
Z-2472770a,gear_stick
B72054123K,electro_bug
P63973841b,break_bug
u95341442h,break_bug
z-5617263I,engine_ignition
s-1440522g,electro_bug
w-1350890O,engine_check
b-1785569X,gear_stick
N17581389s,another_bug
Z-6866329f,engine_fuel
a15357539b,engine_fuel
y-1168665M,break_bug
X-1688379x,engine_overheat
Z73577393A,another_bug
r-1140095D,engine_overheat
k17692433t,break_bug
a-2924229p,engine_fuel
I19994305a,engine_ignition
R16189354h,engine_overheat
f61508634I,electro_bug
S56454866u,another_bug
u-2542978x,engine_fuel
p36642359W,wheel_shake
z22596029p,another_bug
j13578702a,engine_fuel
m41690051B,electro_bug
C-1990447o,engine_check
f17350995b,engine_ignition
A13722291q,engine_check
c-8926473m,electro_bug
R-1161362E,engine_ignition
E-1829228V,engine_overheat
f-1106666p,engine_check
B-1345652W,break_bug
e-3819053E,engine_check
H12470081t,engine_check
Y-2395041a,wheel_shake
m-6830168g,engine_check
n-1048550o,engine_check
p-4620845q,gear_stick
z-1908457z,another_bug
r11798594T,break_bug
n-1078109P,gear_stick
g21697086z,break_bug
i-3020701S,engine_overheat
B51449710T,engine_fuel
G17715538Y,break_bug
d85134463X,electro_bug
M-5383474I,engine_ignition
u79799419P,engine_overheat
h20236568A,another_bug
Q-1319605b,break_bug
d-1613102p,engine_ignition
S41123157J,break_bug
x-1174319N,engine_check
V-1073406u,engine_overheat
V21379614l,engine_ignition
z-3747302L,engine_overheat
y-2605432W,engine_fuel
g21854185N,gear_stick
E98324062j,engine_overheat
Y97110971P,another_bug
X-3262812p,engine_fuel
H-1041344f,engine_fuel
c96102825T,wheel_shake
F-8514150E,another_bug
n14484446O,engine_fuel
H72378904z,gear_stick
U22558213g,break_bug
e-1228757n,engine_overheat
L-5297416Y,engine_fuel
j-1143057h,gear_stick
p-1573015A,break_bug
U65662686c,break_bug
S-4820484y,break_bug
g-8761468w,another_bug
Q-6145494U,electro_bug
W10708735F,gear_stick
p17325319H,engine_ignition
F-1510394i,another_bug
C58608888l,wheel_shake
d-2253716j,electro_bug
x16453445a,another_bug
I66859230r,break_bug
P64817824s,another_bug
g-1168593W,engine_check
K22750834U,engine_check
I-1242074u,another_bug
F-3351081U,break_bug
F19447831G,break_bug
s-1689007T,break_bug
k10152000a,engine_fuel
H12617664T,engine_fuel
t-1064471J,gear_stick
t-2197360k,engine_ignition
d-2120346e,gear_stick
O-1642949k,break_bug
Q53125922U,electro_bug
b-1461155F,engine_check
Q39818857Y,gear_stick
r62935175h,gear_stick
W-6196754y,another_bug
g28641563H,another_bug
j11454423o,engine_ignition
F-1666827W,engine_check
A21999620z,engine_check
c75592211G,another_bug
L-1701832m,another_bug
k18648690J,break_bug
h-1998519z,engine_fuel
U-6212557F,engine_ignition
e-2299648Q,another_bug
s-1139976I,engine_overheat
K-8425830Q,electro_bug
d22617101F,electro_bug
D17905231R,engine_overheat
u13437959M,engine_ignition
Z-9946732U,another_bug
K-1500884y,electro_bug
c-1794298L,another_bug
M15430763y,engine_overheat
p-1264204Z,wheel_shake
U38299579G,gear_stick
c56523775V,electro_bug
T38194151F,wheel_shake
m-3164602H,electro_bug
n-1234064Z,engine_fuel
J-1156067J,wheel_shake
f-6526492s,another_bug
l20269048F,gear_stick
B98720158A,engine_overheat
C-1753458i,gear_stick
x21906434L,engine_check
i13542684X,engine_fuel
u-1875498r,engine_ignition
X-1879171y,break_bug
t21801419s,engine_overheat
L21647080y,break_bug
h-5026863d,another_bug
T-3466939S,engine_check
m12662735d,electro_bug
t14261623o,engine_ignition
n-2837743g,engine_overheat
e-2154304r,wheel_shake
N-2215366J,electro_bug
g-1249815S,another_bug
W-1215684E,wheel_shake
A11461567u,engine_ignition
L16034991d,engine_check
L-2243568g,another_bug
U11614816e,engine_ignition
h-1908691k,engine_ignition
S-1588766I,engine_fuel
i-2841469F,engine_fuel
W12646665I,break_bug
P-2897916I,engine_check
q-1324803Z,engine_ignition
A-6570552N,break_bug
k-1985555z,break_bug
k13077603E,engine_overheat
H11107062P,break_bug
u-1297698j,engine_fuel
R23868498r,engine_overheat
N-1923238g,engine_ignition
j-5320438l,gear_stick
M-2097633r,another_bug
U52942046Z,break_bug
h17001071q,engine_check
R-1401948E,engine_overheat
a-1738562d,wheel_shake
R99178335S,gear_stick
t19157053h,electro_bug
m14758475e,engine_fuel
B47711748K,engine_ignition
t21884438y,wheel_shake
V-2454314m,another_bug
Z16920973J,gear_stick
b13641719v,engine_ignition
X13092819Q,another_bug
r14567820H,gear_stick
a-1296325M,engine_check
v-1923353f,engine_ignition
P75675086P,gear_stick
H-2270745P,engine_fuel
f-1963567i,wheel_shake
C19974180h,another_bug
N39559408S,break_bug
P-2227204H,engine_fuel
P13046593R,engine_overheat
k72805610d,engine_fuel
N62378224U,engine_fuel
j-1956405K,another_bug
Q-1492285k,engine_check
Q11700844e,engine_check
E-3042252G,another_bug
q-1872858i,another_bug
h-1344515n,engine_overheat
O-1383891v,electro_bug
X64881130C,break_bug
U19015371f,engine_overheat
R69641219y,another_bug
M25907433E,electro_bug
e-1885009l,another_bug
l-1959164P,engine_overheat
M-9949056v,gear_stick
d-1302572o,engine_check
f22323125D,engine_overheat
d10736354y,engine_ignition
w-3928877y,engine_overheat
y13551852I,break_bug
p-6352560b,break_bug
i11460685H,gear_stick
r44913393N,gear_stick
S11426971O,break_bug
S-4753227p,engine_fuel
Z-9466103x,another_bug
b86382646t,engine_overheat
T-2294411h,engine_fuel
f13646346O,gear_stick
k12390619M,electro_bug
p14822094P,gear_stick
y-1267351r,break_bug
r10427446Y,electro_bug
Z21148829c,electro_bug
w15143755c,another_bug
s12154911r,gear_stick
y76872086H,engine_ignition
p15590759i,engine_ignition
z-5067315t,engine_fuel
H-1836769I,wheel_shake
f-1042769Z,engine_check
f16491132W,engine_fuel
P21644134e,engine_fuel
o67669876a,engine_check
h-1414900L,engine_overheat
i90456198D,engine_overheat
B-2199737O,engine_check
s-5157124G,another_bug
q20798329k,engine_check
b-6366825A,electro_bug
o16666830b,engine_ignition
H-2456490y,gear_stick
p17190552s,wheel_shake
P22575706L,engine_fuel
W19937723D,engine_fuel
p-2060516y,wheel_shake
x13966371T,engine_ignition
q53435481a,break_bug
Q-9617805F,engine_fuel
N59793228F,engine_fuel
M52666824i,engine_check
T-1009246T,gear_stick
f11409987C,engine_check
z-7198780T,electro_bug
k-7951300Y,electro_bug
J19069143E,engine_fuel
b-1597167C,engine_overheat
O-6623929C,gear_stick
F14674957T,engine_overheat
t82296586k,engine_fuel
Z20453566w,engine_overheat
J82279855E,gear_stick
n-2242535p,engine_fuel
V-1226312R,gear_stick
v-7763664j,break_bug
h-1179139J,break_bug
x13640960Q,engine_check
Z-2276652N,engine_overheat
F-2165841B,gear_stick
x-1331529J,engine_check
J-2127749D,engine_check
